HH Rep. Id,HH Rep Name,Household Name,HH ID,HH Cost Basis,HH Market Value,HH Total Value,HH Unrealized G/L,Account ID,Client Name,Account Type,Account total value,Account inception date,Symbol,Description,# of Units,Close Price,Position Market Value,Classification (Classification)
AB44,ABC FINANCIAL,BRAD HARRIS,#AB44-4290,111192.31,112017.97,224333.86,825.66,8670,BRAD HARRIS,Roth IRA,24552.96,9/29/2017,USD,U.S. cash balance,0,1,0,Cash & Cash Equivalent
AB44,ABC FINANCIAL,BRAD HARRIS,#AB44-4290,111192.31,112017.97,224333.86,825.66,8670,BRAD HARRIS,Roth IRA,24552.96,9/29/2017,,UNITED STATES TREASURY NOTES N OTE,7000,97.5469,6828.28,US Bonds
AB44,ABC FINANCIAL,BRAD HARRIS,#AB44-4290,111192.31,112017.97,224333.86,825.66,8670,BRAD HARRIS,Roth IRA,24552.96,9/29/2017,MMDA12,FDIC INSURED DEPOSIT ACCOUNT IDA12,16307.68,1,16307.68,Cash & Cash Equivalent
AB44,ABC FINANCIAL,BRAD HARRIS,#AB44-4290,111192.31,112017.97,224333.86,825.66,8670,BRAD HARRIS,Roth IRA,24552.96,9/29/2017,SH,PROSHARES TRUST SHORT S&P 500 NE ETF,100,14.17,1417,US Equities
AB44,ABC FINANCIAL,BRAD HARRIS,#AB44-4290,111192.31,112017.97,224333.86,825.66,4290,BRAD HARRIS,Rollover IRA,10315.89,9/29/2017,USD,U.S. cash balance,10315.89,1,10315.89,Cash & Cash Equivalent
AB44,ABC FINANCIAL,BRAD HARRIS,#AB44-4290,111192.31,112017.97,224333.86,825.66,4290,BRAD HARRIS,Rollover IRA,10315.89,9/29/2017,,,,,,
AB44,ABC FINANCIAL,BRAD HARRIS,#AB44-4290,111192.31,112017.97,224333.86,825.66,7074,BRAD HARRIS,Individual Retirement Account,22897.89,9/29/2017,USD,U.S. cash balance,0,1,0,Cash & Cash Equivalent
AB44,ABC FINANCIAL,BRAD HARRIS,#AB44-4290,111192.31,112017.97,224333.86,825.66,7074,BRAD HARRIS,Individual Retirement Account,22897.89,9/29/2017,,UNITED STATES TREASURY NOTES N OTE,2000,97.5469,1950.94,US Bonds
AB44,ABC FINANCIAL,BRAD HARRIS,#AB44-4290,111192.31,112017.97,224333.86,825.66,7074,BRAD HARRIS,Individual Retirement Account,22897.89,9/29/2017,HESAY,HERMES INTERNATIONAL ADR UNSPO NSORED,12,204.615,2455.38,US Equities
AB44,ABC FINANCIAL,BRAD HARRIS,#AB44-4290,111192.31,112017.97,224333.86,825.66,7074,BRAD HARRIS,Individual Retirement Account,22897.89,9/29/2017,LVMUY,LVMH MOET HENNESSY VUITTON SE ADR UNSPONSORED,13,170.55,2217.15,US Equities
AB44,ABC FINANCIAL,BRAD HARRIS,#AB44-4290,111192.31,112017.97,224333.86,825.66,7074,BRAD HARRIS,Individual Retirement Account,22897.89,9/29/2017,MMDA12,FDIC INSURED DEPOSIT ACCOUNT IDA12,12976.99,1,12976.99,Cash & Cash Equivalent
AB44,ABC FINANCIAL,BRAD HARRIS,#AB44-4290,111192.31,112017.97,224333.86,825.66,7074,BRAD HARRIS,Individual Retirement Account,22897.89,9/29/2017,SH,PROSHARES TRUST SHORT S&P 500 NE ETF,100,14.17,1417,US Equities
AB44,ABC FINANCIAL,BRAD HARRIS,#AB44-4290,111192.31,112017.97,224333.86,825.66,7074,BRAD HARRIS,Individual Retirement Account,22897.89,9/29/2017,TPR,TAPESTRY INC COM,57,32.99,1880.43,US Equities
AB44,ABC FINANCIAL,BRAD HARRIS,#AB44-4290,111192.31,112017.97,224333.86,825.66,3752,BRAD HARRIS,Simplified Employee Pension Individual Retirement Arrangement,64567.12,9/29/2017,USD,U.S. cash balance,0,1,0,Cash & Cash Equivalent
AB44,ABC FINANCIAL,BRAD HARRIS,#AB44-4290,111192.31,112017.97,224333.86,825.66,3752,BRAD HARRIS,Simplified Employee Pension Individual Retirement Arrangement,64567.12,9/29/2017,DE,DEERE & CO COM,20,390.21,7804.2,US Equities
AB44,ABC FINANCIAL,BRAD HARRIS,#AB44-4290,111192.31,112017.97,224333.86,825.66,3752,BRAD HARRIS,Simplified Employee Pension Individual Retirement Arrangement,64567.12,9/29/2017,EXAS,EXACT SCIENCES CORP COM,130,80.46,10459.8,US Equities
AB44,ABC FINANCIAL,BRAD HARRIS,#AB44-4290,111192.31,112017.97,224333.86,825.66,3752,BRAD HARRIS,Simplified Employee Pension Individual Retirement Arrangement,64567.12,9/29/2017,IRDM,IRIDIUM COMMUNICATIONS INC COM,216,47.8,10324.8,US Equities
AB44,ABC FINANCIAL,BRAD HARRIS,#AB44-4290,111192.31,112017.97,224333.86,825.66,3752,BRAD HARRIS,Simplified Employee Pension Individual Retirement Arrangement,64567.12,9/29/2017,MELI,MERCADOLIBRE INC COM,8,1237.84,9902.72,US Equities
AB44,ABC FINANCIAL,BRAD HARRIS,#AB44-4290,111192.31,112017.97,224333.86,825.66,3752,BRAD HARRIS,Simplified Employee Pension Individual Retirement Arrangement,64567.12,9/29/2017,MMDA12,FDIC INSURED DEPOSIT ACCOUNT IDA12,8469.67,1,8469.67,Cash & Cash Equivalent
AB44,ABC FINANCIAL,BRAD HARRIS,#AB44-4290,111192.31,112017.97,224333.86,825.66,3752,BRAD HARRIS,Simplified Employee Pension Individual Retirement Arrangement,64567.12,9/29/2017,SGML,SIGMA LITHIUM CORP COM,349,32.02,11174.98,US Equities
AB44,ABC FINANCIAL,BRAD HARRIS,#AB44-4290,111192.31,112017.97,224333.86,825.66,3752,BRAD HARRIS,Simplified Employee Pension Individual Retirement Arrangement,64567.12,9/29/2017,VLD,VELO3D INC COM,4149,1.55,6430.95,US Equities
AB44,ABC FINANCIAL,BRAD HARRIS,#AB44-4290,111192.31,112017.97,224333.86,825.66,4090,BRAD HARRIS,Rollover IRA,0,12/29/2017,USD,U.S. cash balance,0,1,0,Cash & Cash Equivalent
AB44,ABC FINANCIAL,BRAD HARRIS,#AB44-4290,111192.31,112017.97,224333.86,825.66,4090,BRAD HARRIS,Rollover IRA,0,12/29/2017,,,,,,
AB44,ABC FINANCIAL,JEFF LEONARD,#AB44-1531,184033.69,183226.14,183226.14,-807.55,2187,JEFF LEONARD,Individual,318.18,9/29/2017,USD,U.S. cash balance,0,1,0,Cash & Cash Equivalent
AB44,ABC FINANCIAL,JEFF LEONARD,#AB44-1531,184033.69,183226.14,183226.14,-807.55,2187,JEFF LEONARD,Individual,318.18,9/29/2017,MMDA12,FDIC INSURED DEPOSIT ACCOUNT IDA12,10.62,1,10.62,Cash & Cash Equivalent
AB44,ABC FINANCIAL,JEFF LEONARD,#AB44-1531,184033.69,183226.14,183226.14,-807.55,2187,JEFF LEONARD,Individual,318.18,9/29/2017,SCHB,SCHWAB STRATEGIC TR US BRD MKT ETF,6,51.26,307.56,US Equities
AB44,ABC FINANCIAL,JEFF LEONARD,#AB44-1531,184033.69,183226.14,183226.14,-807.55,2563,JEFF LEONARD,Individual,337.05,9/29/2017,USD,U.S. cash balance,0,1,0,Cash & Cash Equivalent
AB44,ABC FINANCIAL,JEFF LEONARD,#AB44-1531,184033.69,183226.14,183226.14,-807.55,2563,JEFF LEONARD,Individual,337.05,9/29/2017,MMDA12,FDIC INSURED DEPOSIT ACCOUNT IDA12,29.49,1,29.49,Cash & Cash Equivalent
AB44,ABC FINANCIAL,JEFF LEONARD,#AB44-1531,184033.69,183226.14,183226.14,-807.55,2563,JEFF LEONARD,Individual,337.05,9/29/2017,SCHB,SCHWAB STRATEGIC TR US BRD MKT ETF,6,51.26,307.56,US Equities
AB44,ABC FINANCIAL,JEFF LEONARD,#AB44-1531,184033.69,183226.14,183226.14,-807.55,9313,JEFF LEONARD,Joint Tenant With Right Of Survivorship,147.87,9/29/2017,USD,U.S. cash balance,0,1,0,Cash & Cash Equivalent
AB44,ABC FINANCIAL,JEFF LEONARD,#AB44-1531,184033.69,183226.14,183226.14,-807.55,9313,JEFF LEONARD,Joint Tenant With Right Of Survivorship,147.87,9/29/2017,MMDA12,FDIC INSURED DEPOSIT ACCOUNT IDA12,45.35,1,45.35,Cash & Cash Equivalent
AB44,ABC FINANCIAL,JEFF LEONARD,#AB44-1531,184033.69,183226.14,183226.14,-807.55,9313,JEFF LEONARD,Joint Tenant With Right Of Survivorship,147.87,9/29/2017,SCHB,SCHWAB STRATEGIC TR US BRD MKT ETF,2,51.26,102.52,US Equities
AB44,ABC FINANCIAL,JEFF LEONARD,#AB44-1531,184033.69,183226.14,183226.14,-807.55,756,JEFF LEONARD,Roth IRA,48092.91,9/29/2017,USD,U.S. cash balance,0,1,0,Cash & Cash Equivalent
AB44,ABC FINANCIAL,JEFF LEONARD,#AB44-1531,184033.69,183226.14,183226.14,-807.55,756,JEFF LEONARD,Roth IRA,48092.91,9/29/2017,,UNITED STATES TREASURY NOTES N OTE,10000,99.7415,9974.15,US Bonds
AB44,ABC FINANCIAL,JEFF LEONARD,#AB44-1531,184033.69,183226.14,183226.14,-807.55,756,JEFF LEONARD,Roth IRA,48092.91,9/29/2017,MMDA12,FDIC INSURED DEPOSIT ACCOUNT IDA12,23029.16,1,23029.16,Cash & Cash Equivalent
AB44,ABC FINANCIAL,JEFF LEONARD,#AB44-1531,184033.69,183226.14,183226.14,-807.55,756,JEFF LEONARD,Roth IRA,48092.91,9/29/2017,SH,PROSHARES TRUST SHORT S&P 500 NE ETF,1000,14.17,14170,US Equities
AB44,ABC FINANCIAL,JEFF LEONARD,#AB44-1531,184033.69,183226.14,183226.14,-807.55,756,JEFF LEONARD,Roth IRA,48092.91,9/29/2017,VIXY,PROSHARES TRUST II VIX SHORT T ERM FUTURES ETF,38,24.2,919.6,US Equities
AB44,ABC FINANCIAL,JEFF LEONARD,#AB44-1531,184033.69,183226.14,183226.14,-807.55,1531,JEFF LEONARD,Roth IRA,97079.91,9/29/2017,USD,U.S. cash balance,0,1,0,Cash & Cash Equivalent
AB44,ABC FINANCIAL,JEFF LEONARD,#AB44-1531,184033.69,183226.14,183226.14,-807.55,1531,JEFF LEONARD,Roth IRA,97079.91,9/29/2017,,UNITED STATES TREASURY NOTES N OTE,20000,97.5469,19509.38,US Bonds
AB44,ABC FINANCIAL,JEFF LEONARD,#AB44-1531,184033.69,183226.14,183226.14,-807.55,1531,JEFF LEONARD,Roth IRA,97079.91,9/29/2017,AZPN,ASPEN TECHNOLOGY INC COM,26,193.12,5021.12,US Equities
AB44,ABC FINANCIAL,JEFF LEONARD,#AB44-1531,184033.69,183226.14,183226.14,-807.55,1531,JEFF LEONARD,Roth IRA,97079.91,9/29/2017,DOX,AMDOCS LTD COM,104,87.34,9083.36,US Equities
AB44,ABC FINANCIAL,JEFF LEONARD,#AB44-1531,184033.69,183226.14,183226.14,-807.55,1531,JEFF LEONARD,Roth IRA,97079.91,9/29/2017,FDS,FACTSET RESEARCH SYSTEMS COM,24,429.57,10309.68,US Equities
AB44,ABC FINANCIAL,JEFF LEONARD,#AB44-1531,184033.69,183226.14,183226.14,-807.55,1531,JEFF LEONARD,Roth IRA,97079.91,9/29/2017,JBL,JABIL INC COM,107,103.22,11044.54,US Equities
AB44,ABC FINANCIAL,JEFF LEONARD,#AB44-1531,184033.69,183226.14,183226.14,-807.55,1531,JEFF LEONARD,Roth IRA,97079.91,9/29/2017,KT,KT CORPORATION ADR SPONSORED,704,12.58,8856.32,US Equities
AB44,ABC FINANCIAL,JEFF LEONARD,#AB44-1531,184033.69,183226.14,183226.14,-807.55,1531,JEFF LEONARD,Roth IRA,97079.91,9/29/2017,MMDA12,FDIC INSURED DEPOSIT ACCOUNT IDA12,33255.51,1,33255.51,Cash & Cash Equivalent
AB44,ABC FINANCIAL,JEFF LEONARD,#AB44-1531,184033.69,183226.14,183226.14,-807.55,5536,JEFF LEONARD,Simple Individual Retirement Account,11267.74,9/29/2017,USD,U.S. cash balance,0,1,0,Cash & Cash Equivalent
AB44,ABC FINANCIAL,JEFF LEONARD,#AB44-1531,184033.69,183226.14,183226.14,-807.55,5536,JEFF LEONARD,Simple Individual Retirement Account,11267.74,9/29/2017,IRDM,IRIDIUM COMMUNICATIONS INC COM,42,47.8,2007.6,US Equities
AB44,ABC FINANCIAL,JEFF LEONARD,#AB44-1531,184033.69,183226.14,183226.14,-807.55,5536,JEFF LEONARD,Simple Individual Retirement Account,11267.74,9/29/2017,MMDA12,FDIC INSURED DEPOSIT ACCOUNT IDA12,7082.78,1,7082.78,Cash & Cash Equivalent
AB44,ABC FINANCIAL,JEFF LEONARD,#AB44-1531,184033.69,183226.14,183226.14,-807.55,5536,JEFF LEONARD,Simple Individual Retirement Account,11267.74,9/29/2017,SGML,SIGMA LITHIUM CORP COM,68,32.02,2177.36,US Equities
AB44,ABC FINANCIAL,JEFF LEONARD,#AB44-1531,184033.69,183226.14,183226.14,-807.55,6249,JEFF LEONARD,Simple Individual Retirement Account,24746.84,9/29/2017,USD,U.S. cash balance,0,1,0,Cash & Cash Equivalent
AB44,ABC FINANCIAL,JEFF LEONARD,#AB44-1531,184033.69,183226.14,183226.14,-807.55,6249,JEFF LEONARD,Simple Individual Retirement Account,24746.84,9/29/2017,MMDA12,FDIC INSURED DEPOSIT ACCOUNT IDA12,24746.84,1,24746.84,Cash & Cash Equivalent
AB44,ABC FINANCIAL,JEFF LEONARD,#AB44-1531,184033.69,183226.14,183226.14,-807.55,9669,JEFF LEONARD,Minor Individual Retirement Account,617.82,9/29/2017,USD,U.S. cash balance,0,1,0,Cash & Cash Equivalent
AB44,ABC FINANCIAL,JEFF LEONARD,#AB44-1531,184033.69,183226.14,183226.14,-807.55,9669,JEFF LEONARD,Minor Individual Retirement Account,617.82,9/29/2017,MMDA12,FDIC INSURED DEPOSIT ACCOUNT IDA12,105.22,1,105.22,Cash & Cash Equivalent
AB44,ABC FINANCIAL,JEFF LEONARD,#AB44-1531,184033.69,183226.14,183226.14,-807.55,9669,JEFF LEONARD,Minor Individual Retirement Account,617.82,9/29/2017,SCHB,SCHWAB STRATEGIC TR US BRD MKT ETF,10,51.26,512.6,US Equities
AB44,ABC FINANCIAL,JEFF LEONARD,#AB44-1531,184033.69,183226.14,183226.14,-807.55,9679,JEFF LEONARD,Minor Individual Retirement Account,617.82,9/29/2017,USD,U.S. cash balance,0,1,0,Cash & Cash Equivalent
AB44,ABC FINANCIAL,JEFF LEONARD,#AB44-1531,184033.69,183226.14,183226.14,-807.55,9679,JEFF LEONARD,Minor Individual Retirement Account,617.82,9/29/2017,MMDA12,FDIC INSURED DEPOSIT ACCOUNT IDA12,105.22,1,105.22,Cash & Cash Equivalent
AB44,ABC FINANCIAL,JEFF LEONARD,#AB44-1531,184033.69,183226.14,183226.14,-807.55,9679,JEFF LEONARD,Minor Individual Retirement Account,617.82,9/29/2017,SCHB,SCHWAB STRATEGIC TR US BRD MKT ETF,10,51.26,512.6,US Equities
AB44,ABC FINANCIAL,JOHN BOYLE,#AB44-4280,2139708.5,2253561.64,2253561.64,113853.14,5570,JOHN BOYLE,Trust,1295851.98,9/29/2017,USD,U.S. cash balance,0,1,0,Cash & Cash Equivalent
AB44,ABC FINANCIAL,JOHN BOYLE,#AB44-4280,2139708.5,2253561.64,2253561.64,113853.14,5570,JOHN BOYLE,Trust,1295851.98,9/29/2017,,UNITED STATES TREASURY NOTES N OTE,25000,99.7415,24935.38,US Bonds
AB44,ABC FINANCIAL,JOHN BOYLE,#AB44-4280,2139708.5,2253561.64,2253561.64,113853.14,5570,JOHN BOYLE,Trust,1295851.98,9/29/2017,,UNITED STATES TREASURY NOTES N OTE,15000,98.457,14768.55,US Bonds
AB44,ABC FINANCIAL,JOHN BOYLE,#AB44-4280,2139708.5,2253561.64,2253561.64,113853.14,5570,JOHN BOYLE,Trust,1295851.98,9/29/2017,,UNITED STATES TREASURY NOTES N OTE,9000,97.5469,8779.22,US Bonds
AB44,ABC FINANCIAL,JOHN BOYLE,#AB44-4280,2139708.5,2253561.64,2253561.64,113853.14,5570,JOHN BOYLE,Trust,1295851.98,9/29/2017,CGBD,CARLYLE SECURED LENDING INC CO M,1000,14.71,14710,US Equities
AB44,ABC FINANCIAL,JOHN BOYLE,#AB44-4280,2139708.5,2253561.64,2253561.64,113853.14,5570,JOHN BOYLE,Trust,1295851.98,9/29/2017,CVX,CHEVRON CORPORATION COM,100,159.12,15912,US Equities
AB44,ABC FINANCIAL,JOHN BOYLE,#AB44-4280,2139708.5,2253561.64,2253561.64,113853.14,5570,JOHN BOYLE,Trust,1295851.98,9/29/2017,ETR,ENTERGY CORP COM,200,94.8,18960,US Equities
AB44,ABC FINANCIAL,JOHN BOYLE,#AB44-4280,2139708.5,2253561.64,2253561.64,113853.14,5570,JOHN BOYLE,Trust,1295851.98,9/29/2017,FDUS,FIDUS INVESTMENT CORPORATION C OM,750,19.35,14512.5,US Equities
AB44,ABC FINANCIAL,JOHN BOYLE,#AB44-4280,2139708.5,2253561.64,2253561.64,113853.14,5570,JOHN BOYLE,Trust,1295851.98,9/29/2017,GD,GENERAL DYNAMICS CORP COM,160,223.59,35774.4,US Equities
AB44,ABC FINANCIAL,JOHN BOYLE,#AB44-4280,2139708.5,2253561.64,2253561.64,113853.14,5570,JOHN BOYLE,Trust,1295851.98,9/29/2017,LMT,LOCKHEED MARTIN CORP COM,50,451.09,22554.5,US Equities
AB44,ABC FINANCIAL,JOHN BOYLE,#AB44-4280,2139708.5,2253561.64,2253561.64,113853.14,5570,JOHN BOYLE,Trust,1295851.98,9/29/2017,MAA,MID-AMERICA APARTMENT COMMUNIT COM USD0.01,190,144.73,27498.7,US Equities
AB44,ABC FINANCIAL,JOHN BOYLE,#AB44-4280,2139708.5,2253561.64,2253561.64,113853.14,5570,JOHN BOYLE,Trust,1295851.98,9/29/2017,MMDA12,FDIC INSURED DEPOSIT ACCOUNT IDA12,122616.73,1,122616.73,Cash & Cash Equivalent
AB44,ABC FINANCIAL,JOHN BOYLE,#AB44-4280,2139708.5,2253561.64,2253561.64,113853.14,5570,JOHN BOYLE,Trust,1295851.98,9/29/2017,MRK,MERCK & CO INC COM,400,110.21,44084,US Equities
AB44,ABC FINANCIAL,JOHN BOYLE,#AB44-4280,2139708.5,2253561.64,2253561.64,113853.14,5570,JOHN BOYLE,Trust,1295851.98,9/29/2017,PFE,PFIZER INC COM,1000,36.38,36380,US Equities
AB44,ABC FINANCIAL,JOHN BOYLE,#AB44-4280,2139708.5,2253561.64,2253561.64,113853.14,5570,JOHN BOYLE,Trust,1295851.98,9/29/2017,PSA,PUBLIC STORAGE COM USD0.10,95,276.3,26248.5,US Equities
AB44,ABC FINANCIAL,JOHN BOYLE,#AB44-4280,2139708.5,2253561.64,2253561.64,113853.14,5570,JOHN BOYLE,Trust,1295851.98,9/29/2017,SH,PROSHARES TRUST SHORT S&P 500 NE ETF,500,14.17,7085,US Equities
AB44,ABC FINANCIAL,JOHN BOYLE,#AB44-4280,2139708.5,2253561.64,2253561.64,113853.14,5570,JOHN BOYLE,Trust,1295851.98,9/29/2017,SNOXX,SCHWAB FUNDS TREAS OBLIG MONEY INVESTOR,800000,1,800000,Mutual Funds
AB44,ABC FINANCIAL,JOHN BOYLE,#AB44-4280,2139708.5,2253561.64,2253561.64,113853.14,5570,JOHN BOYLE,Trust,1295851.98,9/29/2017,SPG,SIMON PROPERTY GROUP INC COM U SD0.0001,250,110.73,27682.5,US Equities
AB44,ABC FINANCIAL,JOHN BOYLE,#AB44-4280,2139708.5,2253561.64,2253561.64,113853.14,5570,JOHN BOYLE,Trust,1295851.98,9/29/2017,VZ,VERIZON COMMUNICATIONS COM,1000,33.35,33350,US Equities
AB44,ABC FINANCIAL,JOHN BOYLE,#AB44-4280,2139708.5,2253561.64,2253561.64,113853.14,4280,JOHN BOYLE,Rollover IRA,957709.66,9/29/2017,USD,U.S. cash balance,0,1,0,Cash & Cash Equivalent
AB44,ABC FINANCIAL,JOHN BOYLE,#AB44-4280,2139708.5,2253561.64,2253561.64,113853.14,4280,JOHN BOYLE,Rollover IRA,957709.66,9/29/2017,,UNITED STATES TREASURY NOTES N OTE,15000,97.5469,14632.04,US Bonds
AB44,ABC FINANCIAL,JOHN BOYLE,#AB44-4280,2139708.5,2253561.64,2253561.64,113853.14,4280,JOHN BOYLE,Rollover IRA,957709.66,9/29/2017,AMGN,AMGEN INC COM,400,256.38,102552,US Equities
AB44,ABC FINANCIAL,JOHN BOYLE,#AB44-4280,2139708.5,2253561.64,2253561.64,113853.14,4280,JOHN BOYLE,Rollover IRA,957709.66,9/29/2017,CAT,CATERPILLAR INC COM,500,272.56,136280,US Equities
AB44,ABC FINANCIAL,JOHN BOYLE,#AB44-4280,2139708.5,2253561.64,2253561.64,113853.14,4280,JOHN BOYLE,Rollover IRA,957709.66,9/29/2017,CGBD,CARLYLE SECURED LENDING INC CO M,1700,14.71,25007,US Equities
AB44,ABC FINANCIAL,JOHN BOYLE,#AB44-4280,2139708.5,2253561.64,2253561.64,113853.14,4280,JOHN BOYLE,Rollover IRA,957709.66,9/29/2017,CVX,CHEVRON CORPORATION COM,547,159.12,87038.64,US Equities
AB44,ABC FINANCIAL,JOHN BOYLE,#AB44-4280,2139708.5,2253561.64,2253561.64,113853.14,4280,JOHN BOYLE,Rollover IRA,957709.66,9/29/2017,FDUS,FIDUS INVESTMENT CORPORATION C OM,1200,19.35,23220,US Equities
AB44,ABC FINANCIAL,JOHN BOYLE,#AB44-4280,2139708.5,2253561.64,2253561.64,113853.14,4280,JOHN BOYLE,Rollover IRA,957709.66,9/29/2017,HTGC,HERCULES CAPITAL INC COM,1775,16.43,29163.25,US Equities
AB44,ABC FINANCIAL,JOHN BOYLE,#AB44-4280,2139708.5,2253561.64,2253561.64,113853.14,4280,JOHN BOYLE,Rollover IRA,957709.66,9/29/2017,KO,COCA-COLA CO COM,1000,60.39,60390,US Equities
AB44,ABC FINANCIAL,JOHN BOYLE,#AB44-4280,2139708.5,2253561.64,2253561.64,113853.14,4280,JOHN BOYLE,Rollover IRA,957709.66,9/29/2017,MMDA12,FDIC INSURED DEPOSIT ACCOUNT IDA12,214573.67,1,214573.67,Cash & Cash Equivalent
AB44,ABC FINANCIAL,JOHN BOYLE,#AB44-4280,2139708.5,2253561.64,2253561.64,113853.14,4280,JOHN BOYLE,Rollover IRA,957709.66,9/29/2017,MRK,MERCK & CO INC COM,700,110.21,77147,US Equities
AB44,ABC FINANCIAL,JOHN BOYLE,#AB44-4280,2139708.5,2253561.64,2253561.64,113853.14,4280,JOHN BOYLE,Rollover IRA,957709.66,9/29/2017,OCSL,OAKTREE SPECIALTY LENDING CORP COM,1166,19.6,22853.6,US Equities
AB44,ABC FINANCIAL,JOHN BOYLE,#AB44-4280,2139708.5,2253561.64,2253561.64,113853.14,4280,JOHN BOYLE,Rollover IRA,957709.66,9/29/2017,OFS,OFS CAPITAL CORPORATION COM,1975,10.62,20974.5,US Equities
AB44,ABC FINANCIAL,JOHN BOYLE,#AB44-4280,2139708.5,2253561.64,2253561.64,113853.14,4280,JOHN BOYLE,Rollover IRA,957709.66,9/29/2017,PFE,PFIZER INC COM,836,36.38,30413.68,US Equities
AB44,ABC FINANCIAL,JOHN BOYLE,#AB44-4280,2139708.5,2253561.64,2253561.64,113853.14,4280,JOHN BOYLE,Rollover IRA,957709.66,9/29/2017,SH,PROSHARES TRUST SHORT S&P 500 NE ETF,1000,14.17,14170,US Equities
AB44,ABC FINANCIAL,JOHN BOYLE,#AB44-4280,2139708.5,2253561.64,2253561.64,113853.14,4280,JOHN BOYLE,Rollover IRA,957709.66,9/29/2017,T,AT&T INC COM,1000,14.11,14110,US Equities
AB44,ABC FINANCIAL,JOHN BOYLE,#AB44-4280,2139708.5,2253561.64,2253561.64,113853.14,4280,JOHN BOYLE,Rollover IRA,957709.66,9/29/2017,TRV,TRAVELERS COMPANIES INC COM,527,161.64,85184.28,US Equities
AB44,ABC FINANCIAL,HENRY CARD,#AB44-0983,424733.17,437803.57,437803.57,13070.4,7760,HENRY CARD,Individual Retirement Account,64.32,9/29/2017,USD,U.S. cash balance,0,1,0,Cash & Cash Equivalent
AB44,ABC FINANCIAL,HENRY CARD,#AB44-0983,424733.17,437803.57,437803.57,13070.4,7760,HENRY CARD,Individual Retirement Account,64.32,9/29/2017,MMDA12,FDIC INSURED DEPOSIT ACCOUNT IDA12,7.64,1,7.64,Cash & Cash Equivalent
AB44,ABC FINANCIAL,HENRY CARD,#AB44-0983,424733.17,437803.57,437803.57,13070.4,7760,HENRY CARD,Individual Retirement Account,64.32,9/29/2017,SH,PROSHARES TRUST SHORT S&P 500 NE ETF,4,14.17,56.68,US Equities
AB44,ABC FINANCIAL,HENRY CARD,#AB44-0983,424733.17,437803.57,437803.57,13070.4,983,HENRY CARD,Joint Tenant With Right Of Survivorship,437739.25,9/29/2017,USD,U.S. cash balance,0,1,0,Cash & Cash Equivalent
AB44,ABC FINANCIAL,HENRY CARD,#AB44-0983,424733.17,437803.57,437803.57,13070.4,983,HENRY CARD,Joint Tenant With Right Of Survivorship,437739.25,9/29/2017,,UNITED STATES TREASURY NOTES N OTE,20000,99.7415,19948.3,US Bonds
AB44,ABC FINANCIAL,HENRY CARD,#AB44-0983,424733.17,437803.57,437803.57,13070.4,983,HENRY CARD,Joint Tenant With Right Of Survivorship,437739.25,9/29/2017,,UNITED STATES TREASURY NOTES N OTE,20000,98.457,19691.4,US Bonds
AB44,ABC FINANCIAL,HENRY CARD,#AB44-0983,424733.17,437803.57,437803.57,13070.4,983,HENRY CARD,Joint Tenant With Right Of Survivorship,437739.25,9/29/2017,,UNITED STATES TREASURY NOTES N OTE,35000,97.5469,34141.42,US Bonds
AB44,ABC FINANCIAL,HENRY CARD,#AB44-0983,424733.17,437803.57,437803.57,13070.4,983,HENRY CARD,Joint Tenant With Right Of Survivorship,437739.25,9/29/2017,ADP,AUTOMATIC DATA PROCESSING INC COM,41,253.05,10375.05,US Equities
AB44,ABC FINANCIAL,HENRY CARD,#AB44-0983,424733.17,437803.57,437803.57,13070.4,983,HENRY CARD,Joint Tenant With Right Of Survivorship,437739.25,9/29/2017,ADSK,AUTODESK INC COM,48,215.92,10364.16,US Equities
AB44,ABC FINANCIAL,HENRY CARD,#AB44-0983,424733.17,437803.57,437803.57,13070.4,983,HENRY CARD,Joint Tenant With Right Of Survivorship,437739.25,9/29/2017,BIIB,BIOGEN INC COM,36,264.43,9519.48,US Equities
AB44,ABC FINANCIAL,HENRY CARD,#AB44-0983,424733.17,437803.57,437803.57,13070.4,983,HENRY CARD,Joint Tenant With Right Of Survivorship,437739.25,9/29/2017,CMI,CUMMINS INC COM,37,232.05,8585.85,US Equities
AB44,ABC FINANCIAL,HENRY CARD,#AB44-0983,424733.17,437803.57,437803.57,13070.4,983,HENRY CARD,Joint Tenant With Right Of Survivorship,437739.25,9/29/2017,CTAS,CINTAS CORP COM,23,496.01,11408.23,US Equities
AB44,ABC FINANCIAL,HENRY CARD,#AB44-0983,424733.17,437803.57,437803.57,13070.4,983,HENRY CARD,Joint Tenant With Right Of Survivorship,437739.25,9/29/2017,CVX,CHEVRON CORPORATION COM,150,159.12,23868,US Equities
AB44,ABC FINANCIAL,HENRY CARD,#AB44-0983,424733.17,437803.57,437803.57,13070.4,983,HENRY CARD,Joint Tenant With Right Of Survivorship,437739.25,9/29/2017,DE,DEERE & CO COM,6,390.21,2341.26,US Equities
AB44,ABC FINANCIAL,HENRY CARD,#AB44-0983,424733.17,437803.57,437803.57,13070.4,983,HENRY CARD,Joint Tenant With Right Of Survivorship,437739.25,9/29/2017,EXAS,EXACT SCIENCES CORP COM,41,80.46,3298.86,US Equities
AB44,ABC FINANCIAL,HENRY CARD,#AB44-0983,424733.17,437803.57,437803.57,13070.4,983,HENRY CARD,Joint Tenant With Right Of Survivorship,437739.25,9/29/2017,FI,FISERV INC COM,98,121.48,11905.04,US Equities
AB44,ABC FINANCIAL,HENRY CARD,#AB44-0983,424733.17,437803.57,437803.57,13070.4,983,HENRY CARD,Joint Tenant With Right Of Survivorship,437739.25,9/29/2017,GWW,GRAINGER W W INC COM,19,714.56,13576.64,US Equities
AB44,ABC FINANCIAL,HENRY CARD,#AB44-0983,424733.17,437803.57,437803.57,13070.4,983,HENRY CARD,Joint Tenant With Right Of Survivorship,437739.25,9/29/2017,IRDM,IRIDIUM COMMUNICATIONS INC COM,57,47.8,2724.6,US Equities
AB44,ABC FINANCIAL,HENRY CARD,#AB44-0983,424733.17,437803.57,437803.57,13070.4,983,HENRY CARD,Joint Tenant With Right Of Survivorship,437739.25,9/29/2017,MELI,MERCADOLIBRE INC COM,10,1237.84,12378.4,US Equities
AB44,ABC FINANCIAL,HENRY CARD,#AB44-0983,424733.17,437803.57,437803.57,13070.4,983,HENRY CARD,Joint Tenant With Right Of Survivorship,437739.25,9/29/2017,MMDA12,FDIC INSURED DEPOSIT ACCOUNT IDA12,119392.65,1,119392.65,Cash & Cash Equivalent
AB44,ABC FINANCIAL,HENRY CARD,#AB44-0983,424733.17,437803.57,437803.57,13070.4,983,HENRY CARD,Joint Tenant With Right Of Survivorship,437739.25,9/29/2017,SGML,SIGMA LITHIUM CORP COM,93,32.02,2977.86,US Equities
AB44,ABC FINANCIAL,HENRY CARD,#AB44-0983,424733.17,437803.57,437803.57,13070.4,983,HENRY CARD,Joint Tenant With Right Of Survivorship,437739.25,9/29/2017,SNA,SNAP-ON INC COM,39,264.65,10321.35,US Equities
AB44,ABC FINANCIAL,HENRY CARD,#AB44-0983,424733.17,437803.57,437803.57,13070.4,983,HENRY CARD,Joint Tenant With Right Of Survivorship,437739.25,9/29/2017,SNOXX,SCHWAB FUNDS TREAS OBLIG MONEY INVESTOR,100000,1,100000,Mutual Funds
AB44,ABC FINANCIAL,HENRY CARD,#AB44-0983,424733.17,437803.57,437803.57,13070.4,983,HENRY CARD,Joint Tenant With Right Of Survivorship,437739.25,9/29/2017,TRV,TRAVELERS COMPANIES INC COM,55,161.64,8890.2,US Equities
AB44,ABC FINANCIAL,HENRY CARD,#AB44-0983,424733.17,437803.57,437803.57,13070.4,983,HENRY CARD,Joint Tenant With Right Of Survivorship,437739.25,9/29/2017,VLD,VELO3D INC COM,1310,1.55,2030.5,US Equities
